{
  "app.py": 1776121918.7957382,
  "next-env.d.ts": 1776122946.2617438,
  "sitemap_converter.py": 1776121850.6134715,
  "app\\layout.tsx": 1776122468.4005144,
  "app\\page.tsx": 1776124169.3092043,
  "app\\api\\convert\\route.ts": 1776123180.161147,
  "app\\api\\download\\route.ts": 1776123578.2724576,
  "tests\\test_sitemap_converter.py": 1776121731.983358,
  "tests\\__init__.py": 1776121731.982,
  "README.md": 1776121731.9793587,
  "requirements.txt": 1776121908.7650356,
  "wmh-sitemap.txt": 1776122069.271585
}